"slice","year","nest_nr","egg_nr","picture_nr","mean_red_spot","stddev_red_spot","mean_red_back","stddev_red_back","stddev_red_shell","mean_red_shell","mean_blue_spot","stddev_blue_spot","mean_blue_back","stddev_blue_back","stddev_blue_shell","mean_blue_shell","mean_green_spot","stddev_green_spot","mean_green_back","stddev_green_back","stddev_green_shell","mean_green_shell","count_egg","total_area_egg","average_size_egg","percent_area_egg","spotiness","H_shell","S_shell","V_shell","H_spot","S_spot","V_spot","H_back","S_back","V_back","H_shell_std","H_spot_std","S_shell_std","S_spot_std","V_shell_std","V_spot_std"
"01-06-2019_386_3_1.JPG",2019,386,"3",1,82.61,19.59,225.7,1.54,2.184,156.31,54.64,12.42,230.03,1.88,2.67,108.878,70.87,17.07,225.9,1.5,2.234,150.588,1,1051626,1051626,43.037,0.104172015526432,0.146560690391859,0.303448275862069,0.849123226353187,0.096710761530211,0.338578864544244,0.821663019693654,0.658968437259429,0.018823631700213,0.98585694081344,0.144423805905193,0.0945738770435449,0.304278866480669,0.339409455162844,0.855154700847088,0.827694494187555
"01-06-2019_389_2_1.JPG",2019,389,"2",1,72.13,20.89,226.11,1.51,2.042,162.278,54.21,12.91,230.48,1.84,2.456,100.174,64.37,16.75,226.24,1.42,2.022,150.312,1,1035453,1035453,35.072,0.21958118813698,0.134553866632316,0.38270129037824,0.881543208535234,0.0944940476190477,0.248440316095938,0.717425900139248,0.661708619374524,0.0189604304061089,0.987785539793426,0.135157164260744,0.0950973452474763,0.383668679702736,0.249407705420434,0.88950328200912,0.725385973613135
"01-06-2019_389_2_2.JPG",2019,389,"2",2,67.16,20.35,225.48,1.61,2.64,162.416,51.57,12.67,229.8,1.86,3.31,102.974,60.13,16.3,225.71,1.56,2.686,151.07,1,1034013,1034013,39.214,0.222855031803275,0.134854143534874,0.365986109742882,0.882292866300167,0.091511652768869,0.232132221560453,0.667992838671176,0.657793209876543,0.0187989556135771,0.984871212445892,0.131542031665321,0.0881995408993161,0.366792024274847,0.232938136092417,0.88733861242652,0.673038584797529
"03-06-2019_389_3_1.JPG",2019,389,"3",1,85.83,15.27,225.23,1.58,2.394,149.776,51.52,10.06,229.89,1.87,2.388,81.024,68.35,12.83,225.55,1.5,2.128,130.098,1,986030,986030,35.826,0.259158443455067,0.118963811961834,0.459032154684329,0.813628560874384,0.0817545904983969,0.399743679366189,0.853690073602546,0.6552217453505,0.0202705641828701,0.985256932241889,0.113080235566238,0.0758710141028014,0.461309677785586,0.402021202467446,0.819060026796734,0.859121539524896
"03-06-2019_389_3_2.JPG",2019,389,"3",2,85,16.56,223.96,1.66,2.222,148.71,48.39,10.74,228.6,2.1,2.256,77.584,66.71,13.99,224.36,1.57,2.324,127.444,1,991464,991464,40.843,0.241392526607118,0.116834912690155,0.478286598076794,0.807837726255405,0.0834016206865155,0.430705882352941,0.845434652874478,0.652298850574712,0.0202974628171478,0.979728281832598,0.108028441518772,0.074595149515132,0.480591019812329,0.433010304088476,0.807740541768464,0.845337468387536
"07-06-2019_267_1_1.JPG",2019,267,"1",1,62.17,23.11,225.11,1.37,2.12,156.602,49.98,15.93,229.12,1.75,2.692,108.458,58.28,19.9,225.21,1.24,1.808,149.512,1,1043962,1043962,33.341,0.311336044798565,0.142122244377977,0.307429023894969,0.850709458725365,0.113480995351381,0.196075277465015,0.618360851402427,0.662510390689941,0.0175017458100559,0.981956885098359,0.143527313321823,0.114886064295227,0.306937728623412,0.195583982193458,0.852840877504184,0.620492270181247
"07-06-2019_267_1_2.JPG",2019,267,"1",2,64.76,21.59,223.52,1.39,3.256,159.578,54.31,14.49,227.34,1.89,3.614,109.17,61.46,18.61,223.72,1.34,3.056,152.454,1,1032581,1032581,34.13,0.257854831727487,0.143112204411998,0.315883141786462,0.866875991395233,0.114035087719298,0.16136504014824,0.644121742590014,0.657940663176265,0.0168030263042139,0.974328204688638,0.139947545842168,0.110870429149468,0.314693127009063,0.160175025370841,0.861378729764332,0.638624480959113
"07-06-2019_267_2_1.JPG",2019,267,"2",1,66.48,23.55,223.26,1.56,2.228,145.806,52.38,15.7,227.4,2.06,2.55,84.834,61.61,20.14,223.58,1.57,2.164,133.166,1,1003154,1003154,41.871,0.325117579155344,0.13211528789171,0.41817209168347,0.792062319375937,0.109101654846336,0.212093862815884,0.66122936144818,0.653784219001609,0.0182058047493404,0.974585351219303,0.124794185147224,0.10178055210185,0.418384855351197,0.212306626483612,0.786822204275701,0.655989246347944
"07-06-2019_267_2_2.JPG",2019,267,"2",2,67.3,22.85,222.78,1.54,4.28,146.548,54.96,14.8,226.89,1.94,3.476,86.264,63.48,19.51,223.04,1.56,4.166,133.462,1,997400,997400,41.003,0.321530980549429,0.130487912768452,0.411360100444905,0.796093087938115,0.115072933549433,0.183358098068351,0.66938531927591,0.656123276561233,0.0181145048261272,0.972399605708653,0.125505867583589,0.110090888364571,0.41148156418942,0.183479561812865,0.788667227327229,0.661959458665024
"09-06-2019_597_o1_1.JPG",2019,597,"o1",1,68.18,24.24,224.35,1.54,5.064,156.548,55.33,15.26,228.58,1.98,4.432,105.904,63.79,20.66,224.61,1.38,4.806,145.292,1,992671,992671,39.095,0.212745209641462,0.129623779059053,0.323504612003986,0.850416114382564,0.109727626459144,0.188471692578469,0.678138054505669,0.656422379826635,0.0185055560416485,0.979642566322376,0.124940837139592,0.105044684539683,0.324017126964022,0.188984207538505,0.850233214385402,0.677955154508507
"09-06-2019_597_o1_2.JPG",2019,597,"o1",2,66.75,23.87,224.88,1.47,2.568,181.064,54.03,15.71,229.19,1.83,3.146,126.306,62.14,20.16,225.07,1.31,2.17,170.074,1,988597,988597,33.653,0.221433000504756,0.133216455434214,0.302423452480891,0.983594446013776,0.106263102725367,0.190561797752809,0.66391485975731,0.659319412219645,0.0188053579999128,0.982256889384134,0.131430545907763,0.104477193198916,0.303235769399191,0.191374114671109,0.986025869078371,0.666346282821906
"09-06-2019_597_o2_1.JPG",2019,597,"o2",1,74.69,21.95,225.85,1.59,3.26,159.174,53.84,14.2,230.37,1.92,4.164,103.564,66.24,17.8,226.14,1.59,2.374,146.814,1,987780,987780,36.681,0.204079855838345,0.1296229694899,0.349366102504178,0.864681341126877,0.0991207034372502,0.279153835854867,0.74288840262582,0.655973451327434,0.0196206103225247,0.987314104487207,0.124491099071238,0.0939888330185883,0.35099367174509,0.280781405095778,0.872169979294545,0.750377040793488
"09-06-2019_597_o2_2.JPG",2019,597,"o2",2,70.19,23.51,225.54,1.59,2.546,167.242,50.81,12.75,229.99,1.97,3.096,109.33,62.61,18.51,225.78,1.55,2.082,154.768,1,984293,984293,37.518,0.190025734207192,0.130767371183865,0.346276652993865,0.908509158862258,0.101479188166495,0.276107707650663,0.698130097473642,0.657677902621723,0.0193486673333624,0.985685509792997,0.127339952059493,0.0980517690421222,0.347632279245615,0.277463333902412,0.914369202335717,0.7039901409471
"09-06-2019_598_1_1.JPG",2019,598,"1",1,75.09,20.97,224.04,1.59,1.952,164.678,57.7,14.8,228.46,2.09,2.28,103.536,67.69,17.98,224.31,1.55,1.824,148.662,1,1178127,1178127,37.535,0.19883425131586,0.123008733767296,0.371282138476299,0.894580734881902,0.0957446808510637,0.231588760154481,0.746866918639348,0.656485671191554,0.0193469316291692,0.979128273261047,0.118389083212754,0.0911250302965222,0.372636029023856,0.232942650702038,0.893883541823409,0.746169725580855
"09-06-2019_598_1_2.JPG",2019,598,"1",2,75.04,20.67,223.91,1.54,2.45,161.932,56.21,15.11,228.25,2.02,2.854,101.426,66.82,17.73,224.14,1.52,2.01,146.174,1,1181086,1181086,38.835,0.176299609003917,0.123260503090603,0.373650668181706,0.879663631820256,0.0939104266241812,0.250932835820895,0.746369604137657,0.657834101382489,0.0190142387732749,0.97822826040372,0.119989282726996,0.0906392062605745,0.374671865873368,0.251954033512558,0.878066425904437,0.744772398221838
"09-06-2019_598_2_1.JPG",2019,598,"2",1,83,16.77,224.67,1.62,2.634,156.366,62.31,14.33,229.12,1.99,2.796,94.126,73.33,14.62,224.89,1.42,2.498,139.204,1,1118477,1118477,36.627,0.222516868920863,0.120710154241645,0.398040494736707,0.849427435301276,0.0887707427098437,0.249277108433735,0.825542072806843,0.658426966292134,0.0194221368715085,0.981956885098359,0.118031798787684,0.0860923872558827,0.399469590526603,0.250706204223631,0.851558854080095,0.827673491585663
"09-06-2019_598_2_2.JPG",2019,598,"2",2,81.88,17.42,223.28,1.57,2.018,158.614,58.86,13.57,227.47,2.03,2.446,90.41,70.68,15.11,223.57,1.57,2.098,139.278,1,1118598,1118598,38.631,0.224810879332879,0.119416261020859,0.429999873907726,0.861639251645988,0.0855777584708949,0.28114313629702,0.814402227968967,0.655131264916469,0.0184200114300786,0.974885355505079,0.113442204191232,0.0796037016412681,0.430426844256192,0.281570106645486,0.856699140831527,0.809462117154507
"11-06-2019_255_1_1.JPG",2019,255,"1",1,91.61,15.62,224.36,1.39,1.776,157.914,62.37,15.6,228.75,1.81,2.336,116.462,81.88,15.34,224.65,1.31,1.784,153.406,1,1007001,1007001,35.691,0.0934368486227918,0.148541284698768,0.262497308661677,0.857836639794876,0.111206110351117,0.319179128916057,0.911179629998011,0.655656795747913,0.019191256830601,0.980371148159259,0.143092758700585,0.105757584352934,0.263695524410665,0.320377344665045,0.858382321634597,0.911725311837731
"11-06-2019_255_1_2.JPG",2019,255,"1",2,91.33,15.35,223.76,1.42,1.594,158.46,61.57,16.04,227.96,1.9,1.812,112.424,81.64,15.6,224.06,1.38,1.77,153.064,1,1009949,1009949,33.186,0.11411764356418,0.1471312306311,0.290521267196769,0.860802677038743,0.112399193548387,0.325851308441914,0.908394668788542,0.654761904761904,0.0184242849622742,0.976985385505507,0.140787813646909,0.106055776564196,0.29095251107743,0.326282552322575,0.857962596224711,0.90555458797451
"11-06-2019_272_o1_1.JPG",2019,272,"o1",1,100.33,8.9,226.76,1.59,2.186,177.064,75.11,10.99,231.18,1.85,2.688,126.194,87.88,8,226.97,1.58,2.002,166.052,1,1023837,1023837,35.514,0.0209818555102033,0.130587772754079,0.287297248452537,0.961865235435997,0.0843906952154375,0.251370477424499,0.997911279092898,0.658748114630467,0.0191193009775932,0.990785582651181,0.128230565638451,0.0820334880998095,0.288423508348517,0.25249673732048,0.972825351767638,1.00887139542454
"11-06-2019_272_o1_2.JPG",2019,272,"o1",2,100.54,8.68,224.06,1.64,2.246,169.378,72.85,11,228.38,2.14,2.772,118.116,87.47,8.35,224.34,1.53,2.02,158.692,1,1018341,1018341,36.159,0.0291562453048635,0.131923582120609,0.30264851397466,0.920112557310793,0.0879980739135668,0.275412771036403,1,0.655864197530863,0.0189158420176898,0.97878541122016,0.126682457905377,0.0827569496983347,0.303571314910737,0.27633557197248,0.919072502211414,0.998959944900621
"11-06-2019_272_o2_1.JPG",2019,272,"o2",1,93.3,12.22,224.1,1.65,2.368,146.688,65.76,10.82,228.76,2.08,2.66,90.2,81.29,11.07,224.51,1.55,2.256,130.388,1,841272,841272,33.677,0.184484922831141,0.118573856394278,0.385089441535777,0.796853610308337,0.0939845073832002,0.295176848874598,0.927988860155162,0.652002861230329,0.0203706941773037,0.98041400591437,0.109471395878512,0.0848820468674338,0.387467094631468,0.297554501970289,0.797442149903169,0.928577399749993
"11-06-2019_272_o2_2.JPG",2019,272,"o2",2,93.12,12.38,224.66,1.62,2.318,149.702,63.59,10.98,229.25,1.96,2.284,90.28,80.26,11.43,224.99,1.47,1.914,133.024,1,838936,838936,38.634,0.174789256868224,0.119888256874558,0.39693524468611,0.813226570478695,0.0940851111863642,0.317117697594502,0.926198527949075,0.654684095860566,0.0200218102508178,0.982514035914799,0.113467030989029,0.087663885300835,0.398964013855315,0.319146466763707,0.815915140073954,0.928887097544335
"11-06-2019_483_o1_1.JPG",2019,483,"o1",1,63.7,23.83,227.52,1.38,3.732,143.196,50.4,12.65,231.92,1.73,2.98,77.872,58.99,19.09,227.87,1.42,3.6,126.166,1,1096301,1096301,34.538,0.31572624671509,0.123216581960688,0.456185926981201,0.777884009473936,0.107644110275689,0.208791208791209,0.633578675154167,0.653409090909091,0.0189720593308037,0.993957056529379,0.115520351123684,0.0999478794386851,0.457164945230391,0.2097702270404,0.792015599683776,0.647710265364007
"11-06-2019_483_o1_2.JPG",2019,483,"o1",2,64.26,24.18,224.37,1.75,2.416,134.386,50.08,12.47,228.85,2.14,2.448,77.368,59.12,19.29,224.6,1.62,2.126,118.382,1,1097637,1097637,37.804,0.312571460327959,0.119886117834134,0.424285267810635,0.730025423176376,0.106252938410907,0.220666044195456,0.639148597573105,0.658110119047619,0.0195761415774524,0.980799725710367,0.116890915135658,0.103257735712431,0.425868368306475,0.222249144691296,0.730999682567204,0.640122856963934
"11-06-2019_483_o2_1.JPG",2019,483,"o2",1,65.88,21.29,224.68,1.67,1.694,157.73,54.28,14.21,229.09,2.15,2.092,106.446,61.93,18.09,224.92,1.52,1.578,148.542,1,1084985,1084985,36.476,0.228554311810762,0.136806801341549,0.32513789386927,0.856837096108298,0.109913793103448,0.176077717061324,0.655261587427889,0.657596371882086,0.019250076389192,0.981828311833026,0.13329785147754,0.106404843239439,0.326394929176849,0.177334752368903,0.858839941621785,0.657264432941376
"11-06-2019_483_o2_2.JPG",2019,483,"o2",2,70.33,20.66,225.13,1.57,1.884,159.48,58.12,13.9,229.53,1.93,2.478,108.294,65.69,17.51,225.34,1.45,1.91,150.092,1,1089913,1089913,39.491,0.233521391156909,0.136098412326287,0.320955605718585,0.866343625736077,0.103330603330603,0.173610123702545,0.699522578078377,0.658712121212121,0.0191696074587201,0.983714053057901,0.133705211792313,0.100937402796629,0.322132172095693,0.174786690079652,0.870232212474439,0.703411164816739
"11-06-2019_485_o1_1.JPG",2019,485,"o1",1,75.26,19.66,224.11,1.5,2.164,137.782,55.51,13.04,228.61,1.88,2.324,79.448,68.13,17.09,224.46,1.39,2.28,124.76,1,1067194,1067194,35.495,0.307328377033604,0.129461377584256,0.423378960967325,0.748473522956911,0.106497890295359,0.262423598192931,0.748557787945097,0.653703703703704,0.0196841782949127,0.979771139587708,0.122059759541865,0.0990962722529672,0.425070098180625,0.264114735406231,0.748419196225081,0.748503461213266
"11-06-2019_485_o1_2.JPG",2019,485,"o1",2,77.36,19.38,223.4,1.29,2.398,141.062,55.32,12.34,227.83,1.8,2.382,82.054,69.56,16.67,223.81,1.3,2.324,127.738,1,1070984,1070984,34.686,0.277253441694741,0.129033351409978,0.418312515064298,0.76629147563069,0.107683000604961,0.284901758014478,0.769444997016113,0.651241534988713,0.0194443225211781,0.976428234689067,0.119169564652596,0.0978192138475785,0.419763796503863,0.286353039454043,0.762894244000218,0.766047765385641
"11-06-2019_485_o2_1.JPG",2019,485,"o2",1,81.21,18.36,224.6,1.58,2.144,147.68,55.68,14.11,229.22,1.97,2.684,94.544,72.02,16.87,224.89,1.4,2.088,136.932,1,1045910,1045910,34.413,0.229971030012143,0.132954431396166,0.359804983748646,0.802242454531627,0.106671889280585,0.31437015145918,0.80773821364631,0.656204906204906,0.0201553093098334,0.982385462649466,0.128054015854976,0.101771473739396,0.361967251976866,0.3165324196874,0.804802450861554,0.810298209976237
"11-06-2019_485_o2_2.JPG",2019,485,"o2",2,80.27,17.8,224.96,1.52,2.224,148.004,55.26,12.36,229.47,1.88,2.392,92.606,71.43,15.85,225.2,1.37,2.264,136.49,1,1046468,1046468,37.253,0.239043143220815,0.132026426946821,0.374300694575822,0.804002520588427,0.107756897241104,0.311573439641211,0.798388701014522,0.657797487065781,0.0196539852704056,0.983456906527236,0.128718592266507,0.104449062560789,0.375961638764615,0.313234383830004,0.807633960796124,0.802020141222219
"13-05-2019_201_1_1.JPG",2019,201,"1",1,72,23.24,222.02,1.4,1.912,153.352,59.15,18.8,224.13,1.88,2.374,123.37,69.84,22.26,221.88,1.4,1.888,158.624,1,1042667,1042667,27.433,0.207331775149688,0.191590552372308,0.222248840024208,0.861693574672432,0.138651102464332,0.178472222222222,0.716132882434852,0.677037037037038,0.0100388167581314,0.960570865298076,0.20752226766325,0.154582817755275,0.214294615700727,0.170517997898741,0.842438973650969,0.696878281413388
"13-05-2019_201_1_2.JPG",2019,201,"1",2,69.95,23.67,223.26,1.5,2.776,155.048,57.73,19.13,225.88,2.04,2.456,126.646,67.59,22.59,223.22,1.39,2.954,160.592,1,1040412,1040412,30.703,0.215938493596767,0.193886368546122,0.211380392547574,0.8723843462767,0.134478996181124,0.1746962115797,0.695742987865526,0.669172932330827,0.0117761643350452,0.968070972442463,0.201953979130854,0.142546606765855,0.205163515801006,0.168479334833132,0.860629852399624,0.683988493988451
"13-05-2019_304_1_1.JPG",2019,304,"1",1,75.79,21.98,223.39,1.72,2.91,147.45,57.76,15.19,227.67,2.14,2.966,89.814,67.23,18.35,223.59,1.7,2.374,126.464,1,1100126,1100126,48.149,0.305345933102208,0.105981215444051,0.39088504577823,0.800993024923404,0.0875392863745609,0.237894181290408,0.75382932166302,0.658878504672896,0.0187991391048448,0.975742510607294,0.103754398370852,0.0853124693013618,0.391691143801462,0.23870027931364,0.79691006921116,0.749746365950775
"13-05-2019_304_1_2.JPG",2019,304,"1",2,76.01,20.77,225.79,1.71,3.29,150.498,59.56,15.01,230.53,1.92,3.034,91.138,67.36,17.31,226.05,1.62,2.968,129.358,1,1104351,1104351,47.393,0.250701996013948,0.107311320754717,0.394423846164069,0.817550683383673,0.0790273556231002,0.21641889225102,0.75601750547046,0.657524613220815,0.0205613152301219,0.987999828568979,0.103730612229437,0.0754466470978202,0.396992120312578,0.218987166399529,0.825725045633113,0.7641918677199
"14-05-2019_202_1_1.JPG",2019,202,"1",1,73.65,20.61,224.76,1.55,2.542,161.838,55.28,15.59,228.53,1.98,3.406,112.838,66.34,18.26,224.65,1.37,2.558,154.898,1,1059419,1059419,44.407,0.167391749628806,0.143061224489796,0.302771907710179,0.879152995371678,0.100344765015424,0.249422946367957,0.732544260990651,0.671391752577319,0.0169780772765064,0.979428277546822,0.15334765532102,0.110631195846648,0.301756943905073,0.24840798256285,0.878755806598961,0.732147072217934
"14-05-2019_202_1_2.JPG",2019,202,"1",2,75.3,19.71,226.74,1.46,2.44,164.412,57.45,15.35,230.59,1.76,2.776,114.088,68.26,17.7,226.64,1.43,2.31,156.226,1,1056118,1056118,45.158,0.163158851567723,0.139555679198792,0.306084714011143,0.893135742378479,0.10093370681606,0.237051792828685,0.748955639546449,0.670886075949368,0.0171299709441,0.988256975099644,0.149336433402064,0.110714461019332,0.30522164387363,0.236188722691172,0.901567251158585,0.757387148326554
"14-05-2019_307_1_1.JPG",2019,307,"1",1,68.34,25.57,220.33,1.57,2.272,127.86,54.34,18.6,225.52,1.83,2.324,94.458,66.47,25.08,220.63,1.48,2.078,130.16,1,1031429,1031429,57.787,0.522010724926292,0.177403693537243,0.274293177627535,0.707068512200952,0.144404761904762,0.204858062628036,0.67972946091108,0.657032755298652,0.0230134799574317,0.966528093258475,0.1733311270898,0.140332195457318,0.279313616503354,0.209878501503855,0.693771139139888,0.666432087850016
"14-05-2019_307_1_2.JPG",2019,307,"1",2,74.44,22.76,223.71,1.72,3.888,137.528,61.12,17.4,227.19,2.2,3.65,101.302,72.52,22.1,223.73,1.62,4.016,139.836,1,1055402,1055402,53.07,0.382534806642398,0.176649192920538,0.27556566263337,0.759631472588601,0.142642642642643,0.178936055883933,0.740401830117366,0.665708812260537,0.0153175755975175,0.973685338361977,0.181252683434979,0.147246133157084,0.272890197149275,0.176260590399838,0.753491344631038,0.734261702159804
"15-05-2019_201_2_1.JPG",2019,201,"2",1,73.87,22.24,222.79,1.53,2.156,144.952,58.92,17.6,227.1,2,2.464,109.384,70.72,21.28,223.19,1.58,2.178,148.14,1,1006986,1006986,42.41,0.311120512102452,0.180376371830598,0.261617388956393,0.804741313748072,0.131549609810479,0.20238256396372,0.73473244479809,0.651198762567671,0.0189784236019375,0.973299618565979,0.170469812652174,0.121643050632055,0.262602771476717,0.203367946484045,0.798215465994512,0.728206597044531
"15-05-2019_201_2_2.JPG",2019,201,"2",2,71.65,22.86,222.64,1.78,2.718,146.068,56.91,17.52,227.08,2.19,3.482,113.284,68.12,21.56,223,1.84,2.964,149.754,1,1005610,1005610,48.797,0.282199858792176,0.183511562014441,0.243532727005623,0.813509050216206,0.126752600633198,0.205722260990928,0.712651680923016,0.653153153153153,0.019552580588339,0.973213903055758,0.175559393421499,0.118800432040256,0.245092266512349,0.207281800497654,0.806897486952425,0.706040117659235
"15-05-2019_202_2_1.JPG",2019,202,"2",1,68.8,22.29,223.12,1.58,1.656,167.528,51.49,16.43,226.96,2.01,2.158,116.786,62.34,20.21,223.21,1.6,1.454,160.678,1,1071921,1071921,41.195,0.194874435709348,0.14416722504697,0.30288668162934,0.91006279741857,0.104467552474485,0.251598837209302,0.684304754326636,0.662760416666668,0.0169192809305604,0.972699609994429,0.145822319967542,0.106122647395057,0.301812921478287,0.25052507705825,0.902936941093459,0.677178898001526
"15-05-2019_202_2_2.JPG",2019,202,"2",2,66.84,21.4,226.48,1.64,2.052,161.688,50.38,13.97,230.4,1.94,2.488,111.376,60.04,18.06,226.44,1.57,1.822,153.428,1,1065720,1065720,32.566,0.150597717974703,0.139304075899719,0.31116718618574,0.878338149975011,0.0978128797083839,0.246259724715739,0.664810025860354,0.668350168350168,0.0171875,0.987442677752539,0.146548922503792,0.105057726312457,0.310361645104128,0.245454183634126,0.885955361408012,0.672427237293354
"15-05-2019_206_1_1.JPG",2019,206,"1",1,64.05,25.54,218.87,1.64,2.846,137.52,50.45,16.32,223.78,2.04,3.24,96.004,61.59,23.7,219.26,1.67,2.774,136.558,1,1097184,1097184,35.87,0.260083085425963,0.162804701801715,0.301890634089587,0.747050259664066,0.136519607843137,0.212334113973458,0.637059876666003,0.653428377460964,0.0219411922423808,0.959070843869198,0.155127757516584,0.128842663558006,0.305838785250355,0.216282265134226,0.726295637213726,0.616305254215663
"15-05-2019_304_2_1.JPG",2019,304,"2",1,67.57,21.31,222.98,1.54,2.246,151.646,48.72,12.44,227.31,2.01,2.3,86.596,57.93,16.52,223.29,1.66,1.982,128.808,1,1157359,1157359,35.144,0.414391731519779,0.108152703048937,0.42895955053216,0.823786966819495,0.0814323607427056,0.278969957081545,0.672070817585041,0.65473441108545,0.0190488759843387,0.974199631423306,0.101781792388291,0.07506145008206,0.430015385434886,0.280025791984271,0.818161131923262,0.666444982688808
"15-05-2019_304_2_2.JPG",2019,304,"2",2,68,20.45,221.86,1.6,2.744,154.608,50.1,12.48,225.47,2.07,2.598,86.456,58.74,15.87,222.11,1.56,2.638,130.45,1,1153323,1153323,40.019,0.376199035309276,0.107587940681614,0.440805132981476,0.839877447252341,0.0804469273743017,0.263235294117647,0.676347722299582,0.655124653739612,0.0160109992460194,0.966313804482921,0.10160727267513,0.0744662593678181,0.438823091145882,0.261253252282054,0.826365785415724,0.662836060462964
"16-05-2019_206_2_1.JPG",2019,206,"2",1,73.01,22.59,224.04,1.37,2.486,139.164,54.42,15.16,227.96,1.75,2.908,94.846,68.89,20.8,224.14,1.25,2.412,138.914,1,1032209,1032209,31.749,0.284963607176454,0.165726491869368,0.318458796815268,0.755980965211534,0.12972924511386,0.2546226544309,0.726178635369007,0.662414965986395,0.0171959992981225,0.976985385505507,0.167036136109668,0.13103888935416,0.317661755031778,0.25382561264741,0.753140884397502,0.723338554554976
"16-05-2019_307_2_1.JPG",2019,307,"2",1,67.78,23.52,225.16,1.75,2.384,128.262,50.72,12.94,229.35,2.03,2.348,78.524,63.64,20.79,225.2,1.6,2.206,122.336,1,1040926,1040926,44.775,0.475776376034416,0.146809280630504,0.387784378849542,0.696758001781795,0.126221180148496,0.251696665683092,0.674159538492142,0.665075576770088,0.018269021146719,0.982942613465907,0.150779535654496,0.130191435172488,0.388060358914649,0.251972645748198,0.699875148928163,0.67727668563851
"16-05-2019_307_2_2.JPG",2019,307,"2",2,68.91,24.19,225.51,1.62,2.45,119.752,51.55,14.19,229.77,1.92,2.722,72.688,64.55,21.64,225.61,1.54,1.964,112.508,1,1042734,1042734,39.702,0.426754090688517,0.141013655164599,0.393012225265549,0.650529106277569,0.124807987711214,0.251922797852271,0.685398846230356,0.662754303599374,0.0185402794098447,0.98474263918056,0.142662637017877,0.126456969564492,0.393559463593781,0.252470036180503,0.65544627913859,0.690316019091377
"16-05-2019_410_1_1.JPG",2019,410,"1",1,68.49,20.95,226.14,1.71,3.04,158.322,51.96,14.34,230.27,1.95,3.39,122.732,63.12,19.21,226.19,1.63,3.238,161.376,1,970774,970774,37.494,0.252683940855441,0.179838181002657,0.239465595875471,0.876643271549945,0.112522686025408,0.241349102058695,0.681221404416153,0.664648910411622,0.0179354670604075,0.986885526936099,0.183381769668183,0.116066274690935,0.239408021854266,0.241291528037489,0.883703332166505,0.688281465032713
"16-05-2019_410_1_2.JPG",2019,410,"1",2,68,21.22,226.77,1.71,2.022,157.128,52.17,15.1,230.96,1.95,1.916,119.648,62.96,19.58,226.81,1.76,1.754,158.158,1,971356,971356,33.423,0.238161909742669,0.171124383277071,0.243490686528661,0.859162121640121,0.113602863760792,0.232794117647059,0.676347722299582,0.665075576770088,0.0181416695531694,0.989842712038743,0.175094638301063,0.117573118784784,0.243639315000218,0.232942746118615,0.869179367359325,0.686364968018787
"17-05-2019_201_3_1.JPG",2019,201,"3",1,68.52,24.12,224.76,1.48,5.68,153.986,54.07,17.36,228.97,1.88,5.872,129.666,64.41,21.99,224.83,1.29,6.54,159.34,1,976234,976234,32.259,0.18272360929859,0.196737885017187,0.186230701644283,0.865583103365855,0.119261822376009,0.210887332165791,0.681519793117167,0.663895486935866,0.0183866882124296,0.981314018771697,0.199528050206958,0.12205198756578,0.186624348775099,0.211280979296608,0.867071655818012,0.683008345569325
"17-05-2019_201_3_2.JPG",2019,201,"3",2,64.13,22.69,225.16,1.5,2.818,157.38,49.87,14.97,229.28,1.83,3.414,133.802,60.12,20.12,225.22,1.33,3.13,162.958,1,981055,981055,36.96,0.210549867234763,0.198552613527233,0.178917267025859,0.885237174333456,0.119798971482001,0.222360829564946,0.637855579868709,0.664239482200647,0.0179692951849268,0.982642609180131,0.201686773981784,0.122933131936552,0.178893521129173,0.22233708366826,0.888054317194049,0.640672722729301
"17-05-2019_202_3_1.JPG",2019,202,"3",1,71.72,20.57,225.95,1.43,2.2,162.73,51.31,14.41,230.39,1.8,2.426,111.818,62.9,17.37,225.92,1.3,1.87,155.044,1,1025930,1025930,32.79,0.232170810874036,0.141505604441651,0.312861795612364,0.883998609330523,0.0946431487832762,0.284578918014501,0.713347921225383,0.66778523489933,0.0194018837623161,0.987399819997428,0.148185517594885,0.10132306193651,0.314270638293067,0.285987760695204,0.891572963008412,0.720922274903272
"17-05-2019_202_3_2.JPG",2019,202,"3",2,70.94,20.7,225.53,1.47,2.636,162.584,50.79,13.12,229.68,1.87,3.104,110.364,62.25,17.07,225.44,1.32,2.286,154.28,1,1021574,1021574,38.758,0.235383829267385,0.140163411208988,0.321187816759337,0.883205493144434,0.0947890818858561,0.284042853115309,0.705589814999005,0.670204402515722,0.0184604667363288,0.984356919384563,0.149262491978615,0.103888162655483,0.321655242414053,0.284510278770025,0.887736946209458,0.710121268064029
"17-05-2019_410_2_1.JPG",2019,410,"2",1,69.94,22.09,224.33,1.45,1.936,159.882,54.14,16.88,228.16,1.86,2.236,127.324,66.34,21.02,224.42,1.31,1.898,167.664,1,994645,994645,33.043,0.198444671214353,0.198818377127747,0.240600248115278,0.910801590578214,0.128691983122363,0.225907921075207,0.695643524965188,0.662750217580506,0.0167864656381486,0.977842540607723,0.200463272962158,0.130336878956773,0.239393672671814,0.224701345631743,0.908818664866398,0.693660599253372
"17-05-2019_410_2_2.JPG",2019,410,"2",2,69.42,21.77,224.76,1.44,4.756,157.238,52.58,16.47,228.73,1.85,4.914,127.23,65.16,20.7,224.79,1.32,5.504,163.284,1,994309,994309,33.985,0.203893357095229,0.194615484181136,0.22080546777394,0.887008104995545,0.124505146476643,0.242581388648804,0.690471454147603,0.665407220822838,0.0173567087832816,0.980285432649038,0.198917383257878,0.128807045553386,0.220169135475609,0.241945056350473,0.887468071325044,0.690931420477102
"17-05-2019_419_1_1.JPG",2019,419,"1",1,76.13,23.6,225.4,1.41,3.892,112.354,46.87,14.07,229.53,1.91,2.888,54.35,64.78,19,225.29,1.17,3.232,92.46,1,1152499,1152499,29.187,0.499280259679184,0.109503942256856,0.516261103298503,0.610340931313965,0.102016404647984,0.384342571916459,0.757211060274518,0.670990566037737,0.0184725308238575,0.983714053057901,0.119389186548497,0.111901648939625,0.516740593040748,0.384822061658703,0.614229518052327,0.761099647012879
"17-05-2019_419_1_2.JPG",2019,419,"1",2,72.69,23.55,224.29,1.6,3.08,124.504,46.24,12.19,227.79,2.1,2.722,62.386,62.03,18.36,224.21,1.44,2.454,102.826,1,1148801,1148801,37.202,0.477469988274732,0.108503171383496,0.498923729358093,0.676343408443971,0.0994959042218021,0.363873985417526,0.722995822558186,0.670391061452513,0.0157162298608367,0.976256803668624,0.117788911089913,0.108781643928219,0.496646918137317,0.36159717419675,0.672774745793056,0.719427159907271
"17-05-2019_516_1_1.JPG",2019,516,"1",1,74.59,21.65,223.85,1.71,2.014,154.632,57.85,15.28,227.65,2.22,2.404,115.73,68.69,19.09,223.91,1.61,1.89,153.386,1,1097298,1097298,33.33,0.162431718639786,0.161328466402756,0.251577939883077,0.840007822515808,0.107925129430506,0.224426866872235,0.741893773622439,0.664035087719298,0.0166922907972766,0.975656795097073,0.164258232375958,0.110854895403708,0.250277189598741,0.223126116587899,0.835839151293342,0.737725102399973
"17-05-2019_516_1_2.JPG",2019,516,"1",2,73.35,21.58,223.8,1.48,2.014,154.086,58.16,16.8,227.57,1.93,2.508,111.606,67.57,19.47,223.89,1.38,1.784,150.686,1,1101745,1101745,39.431,0.170125573522004,0.153327055869429,0.275690198979791,0.837041785271941,0.103247750713188,0.207089297886844,0.729560373980505,0.662687886825819,0.0165663312387396,0.975313933056186,0.154909620949152,0.104830315792912,0.274263489136917,0.205662588043971,0.832530252008589,0.725048840717153
"18-05-2019_206_3_1.JPG",2019,206,"3",1,80.58,20.85,223.17,1.69,2.856,127.854,55.79,12.85,227.06,2.16,3.174,79.916,74.71,19.84,223.39,1.69,2.81,123.414,1,1100012,1100012,50.708,0.283678723504834,0.15123006105108,0.374943294695512,0.694541622302862,0.127201828694366,0.307644576818069,0.801472050925005,0.657240788346187,0.0171320355853079,0.973128187545536,0.147365527651172,0.123337295294458,0.374082289199207,0.306783571321764,0.687844343528859,0.794774772151002
"18-05-2019_220_1_1.JPG",2019,220,"1",1,84.02,16.64,222.99,1.67,2.988,156.602,55.26,12.7,226.37,2.04,3.334,99.762,72.92,15.03,222.92,1.61,2.856,145.764,1,1123036,1123036,42.707,0.195746173764688,0.134887403237157,0.362958327479853,0.850709458725365,0.102341214649977,0.342299452511307,0.835687288641337,0.670048309178745,0.0152405354066352,0.970171002442892,0.143830390669806,0.111284202082626,0.360205821804876,0.339546946836329,0.841054994848718,0.82603282476469
"18-05-2019_220_1_2.JPG",2019,220,"1",2,84.6,17.03,225.7,1.64,3.87,163.874,56.51,12.27,229.41,1.99,3.694,105.086,73.39,14.75,225.69,1.57,3.858,153.314,1,1125221,1125221,50.139,0.184221588470176,0.136728584064775,0.358739031206903,0.890213163555768,0.100154266049603,0.332033096926714,0.841456136860951,0.667114695340502,0.0162155093500719,0.983199759996571,0.142737957659182,0.106163639644009,0.356961499475362,0.330255565195173,0.8935874572328,0.844830430537983
"18-05-2019_223_1_1.JPG",2019,223,"1",1,83.53,20,220.97,1.78,2.546,111.622,55.41,10.32,224.93,1.94,2.462,66.24,77.3,18.22,221.31,1.61,2.204,103.488,1,1085029,1085029,45.96,0.663814515556727,0.13679432374069,0.406568597588289,0.606364485778232,0.129741583688952,0.336645516580869,0.830813606524766,0.652356902356902,0.0176054772595919,0.963999485706939,0.128045904351497,0.120993164299759,0.406181033766268,0.336257952758848,0.590538505165631,0.814987625912166
"18-05-2019_223_1_2.JPG",2019,223,"1",2,83.47,20.35,221.89,1.88,3.022,112.67,55.58,10.6,225.62,2.02,2.904,65.382,77.44,18.61,222.18,1.71,2.672,104.002,1,1083894,1083894,46.014,0.66437769745012,0.13611628038121,0.4197035590663,0.61205753894961,0.130632245727262,0.33413202348149,0.830216829122737,0.653708668453976,0.0165322223207163,0.966956670809583,0.12871962708909,0.123235592435142,0.418242740305403,0.332671204720594,0.599188743439654,0.817348033612781
"18-05-2019_307_3_1.JPG",2019,307,"3",1,81.03,21.24,222.93,1.58,1.904,127.948,53.87,12.4,227.02,1.98,2.044,76.748,70.52,18.76,223.13,1.63,1.884,116.076,1,976460,976460,49.346,0.48108575876124,0.128020833333333,0.400162566042455,0.69505225875144,0.102172312223859,0.335184499568061,0.805947881440223,0.658516707416463,0.0180160338296185,0.972956756525093,0.125432219003701,0.0995836978942262,0.40018555879046,0.335207492316067,0.688183548956994,0.799079171645777
"18-05-2019_307_3_2.JPG",2019,307,"3",2,80.12,21.67,226.38,1.52,2.054,142.204,53.09,12.2,230.25,1.8,1.924,84.258,70.13,18.89,226.52,1.53,1.898,129.874,1,974160,974160,42.377,0.442242547425474,0.13120261392791,0.407485021518382,0.772495165250646,0.105068442471328,0.33736894658013,0.796896757509449,0.660637381567613,0.0168078175895766,0.986799811425877,0.130734673749427,0.104600502292845,0.406299798026346,0.336183723088094,0.779469510356985,0.803871102615788
"18-05-2019_419_2_1.JPG",2019,419,"2",1,67.13,23.79,223.98,1.68,2.42,143.164,49.06,11.88,227.8,2.15,2.5,75.042,60.5,19.1,224.02,1.57,2.088,123.544,1,1104545,1104545,30.073,0.374862952618499,0.118664552812112,0.475831913050767,0.777710175789313,0.105515587529976,0.269179204528527,0.667694449970161,0.664921465968585,0.0167690956979807,0.976299661423735,0.122480697034601,0.109331731752466,0.474607967667135,0.267955259144894,0.774184370893509,0.664168645074357
"18-05-2019_419_2_2.JPG",2019,419,"2",2,69.65,23.39,225.06,1.62,3.044,141.196,49.73,11.82,228.97,2.08,2.618,75.642,62.08,18.79,225,1.43,2.85,122.544,1,1112878,1112878,34.85,0.363985090908437,0.119245202428532,0.464276608402504,0.767019404185046,0.103329986613119,0.28600143575018,0.692759100855381,0.669185558354325,0.0173385159627899,0.981314018771697,0.127325439036761,0.111410223221348,0.463622083283681,0.285346910631357,0.768507956637204,0.694247653307539
"19-05-2019_410_3_1.JPG",2019,410,"3",1,71.97,21.88,224.17,1.7,2.89,153.032,49.27,13.8,228.12,2.17,3.384,111.582,65.76,19.72,224.25,1.57,3.006,157.47,1,1048655,1048655,40.317,0.274047231930425,0.182785622966062,0.291407887216613,0.855424697420743,0.121071953010279,0.31540919827706,0.715834493733837,0.663291139240505,0.0173154480098195,0.97767110958728,0.184971440460472,0.123257770504689,0.290730294144819,0.314731605205266,0.853270340688484,0.713680137001578
"19-05-2019_410_3_2.JPG",2019,410,"3",2,78.55,21.05,223.73,1.61,2.04,153.534,52.74,14.31,227.47,2.11,2.804,114.382,71.88,19.23,223.86,1.5,2.196,158.926,1,1049062,1049062,43.232,0.248601131296339,0.186841475095785,0.280281388822471,0.863334130071054,0.123595505617977,0.328580521960535,0.781281082156356,0.660873440285204,0.016441728579593,0.974885355505079,0.186609593634894,0.123363624157086,0.278730076320451,0.327029209458515,0.858394019256594,0.776340971341895
"19-05-2019_516_2_1.JPG",2019,516,"2",1,86.17,17.53,223.66,1.5,2.23,158.11,66.58,18.17,227.59,1.93,2.554,125.348,78.25,17.96,223.8,1.43,2.096,158.988,1,980910,980910,42.278,0.180700573956836,0.171016646848989,0.211588295972023,0.86367093283501,0.099285349668198,0.227341302077289,0.857071812214044,0.660729431721798,0.0172678940199482,0.975399648566408,0.170640756824692,0.0989094596439002,0.210863148910358,0.226616155015624,0.859245115081879,0.852645994460913
"19-05-2019_516_2_2.JPG",2019,516,"2",2,84.44,18.07,224.43,1.56,2.544,162.39,65.1,17.24,228.48,1.98,2.862,126.57,76.71,17.49,224.51,1.41,2.466,162.27,1,984727,984727,37.215,0.194369607007831,0.166108319374651,0.220580084980602,0.882151626431412,0.10005170630817,0.22903837044055,0.83986473045554,0.663374485596709,0.0177258403361344,0.979213988771268,0.168377483225265,0.102320870158783,0.220312884235124,0.228771169695071,0.881540148883141,0.839253252907269
"20-05-2019_220_2_1.JPG",2019,220,"2",1,81.54,17.76,224.7,1.56,3.202,162.646,57.91,12.9,228.25,2.03,3.164,109.494,72.9,15.67,224.7,1.36,3.024,154.05,1,1137996,1137996,49,0.194940931251076,0.139712522576761,0.326795617475991,0.88354229590839,0.105727182959515,0.289796418935492,0.81102048935747,0.666666666666667,0.0155531215772181,0.97822826040372,0.145273867497332,0.111288527880086,0.324355697971596,0.287356499431097,0.881945089992571,0.809423283441651
"20-05-2019_220_2_2.JPG",2019,220,"2",2,80.22,18.39,224.89,1.63,2.95,163.492,56.99,12.63,228.31,2.08,3.194,110.354,71.66,16.04,224.86,1.51,2.974,154.99,1,1138455,1138455,60.044,0.211182699360098,0.140000250918991,0.325018961172412,0.88813802394559,0.105251829530779,0.289578658688606,0.797891386512831,0.668115942028985,0.0151110332442731,0.978485406934385,0.14701087120188,0.112262449813669,0.322136953335072,0.286696650851267,0.886797964560436,0.796551327127676
"20-05-2019_223_2_1.JPG",2019,223,"2",1,75.95,24.47,224.48,1.64,7.31,118.064,53.91,12.86,228.69,2.07,4.154,69.206,71.49,22,224.62,1.52,6.678,110.194,1,1026252,1026252,51.033,0.53342843668027,0.139820159100523,0.41382639924109,0.641359379413746,0.132940108892922,0.290190915075708,0.75542072806843,0.661124307205067,0.0184092002273821,0.980114001628595,0.139839144559494,0.132959094351893,0.414242558386859,0.290607074221477,0.641647914722802,0.755709263377486
"20-05-2019_223_2_2.JPG",2019,223,"2",2,79.16,22.98,224.89,1.59,3.964,123.912,57.2,12.55,228.91,1.97,3.352,76.448,74.62,20.77,224.98,1.39,3.818,116.486,1,1029563,1029563,42.533,0.458749974503746,0.140590763526041,0.383046032668345,0.67312748527846,0.13221007893139,0.277412834765033,0.787348319076984,0.662935323383085,0.0175614870473112,0.981056872241032,0.142420765163031,0.13404008056838,0.382614478634044,0.276981280730731,0.674358891199953,0.788579724998477
"20-05-2019_419_3_1.JPG",2019,419,"3",1,63.27,19.58,225.07,1.66,2.862,150.65,47.77,10.71,229.09,2.03,2.58,83.11,56.69,15.44,225.09,1.48,2.776,133.538,1,1079848,1079848,43.574,0.483592135189397,0.12443983812062,0.448323929638234,0.818376393385628,0.0959139784946237,0.244981823929192,0.629301770439626,0.665837479270315,0.0175476886813043,0.981828311833026,0.129171995644839,0.100646136018843,0.447878577237926,0.244536471528884,0.820379238899115,0.631304615953113
"20-05-2019_419_3_2.JPG",2019,419,"3",2,64.92,18.9,225.7,1.67,2.536,156.434,49.51,11.07,229.66,1.92,2.842,88.374,58.16,15.04,225.8,1.59,2.646,140.11,1,1079664,1079664,53.393,0.445679396553002,0.126692134391223,0.435071659613639,0.849796831881098,0.0935539692840147,0.237369069624153,0.645713148995425,0.662457912457912,0.0172428807802839,0.984271203874341,0.12804472510304,0.0949065599958312,0.43432149931231,0.236618909322824,0.8542425694359,0.650158886550227
"20-05-2019_528_2_1.JPG",2019,528,"2",1,71.84,23.49,223.58,1.71,2.62,132.266,51.13,12.04,227.56,2.16,2.534,68.046,64.45,19.05,223.75,1.63,2.29,113.706,1,1062884,1062884,53.539,0.416357758701796,0.118498909996886,0.485536721455249,0.718508941570153,0.107194591984549,0.288279510022272,0.714541476029441,0.659547738693468,0.0174898927755317,0.975271075301076,0.116941326944258,0.105637008931921,0.485033573149168,0.287776361716191,0.713954550551689,0.709987085010978
"20-05-2019_528_2_2.JPG",2019,528,"2",2,70.23,22.24,223.27,1.65,3.036,131.704,49.47,10.78,227.19,2.07,2.458,67.972,62.26,17.77,223.37,1.63,2.61,112.55,1,1076860,1076860,54.374,0.429582304106383,0.116576706625662,0.483903298305291,0.715455987483975,0.102681438664098,0.295600170867151,0.698527949074995,0.662414965986395,0.0172542805581231,0.973685338361977,0.117886350865961,0.103991082904397,0.483164537781801,0.294861410343661,0.709315859526412,0.692387821117433
"21-05-2019_210_3_1.JPG",2019,210,"3",1,70.34,23.4,223.76,1.67,3.164,155.454,49.96,12.08,227.2,2.2,3.152,110.792,64.01,19.67,223.79,1.57,3.06,153.598,1,1059003,1059003,44.567,0.258898227861489,0.159740569910289,0.287300423276339,0.844473175289542,0.114900228982663,0.289735570088143,0.699622040978715,0.665213178294573,0.0151408450704226,0.973728196117087,0.163848426458766,0.11900808553114,0.284448227265149,0.286883374076953,0.83837590508709,0.693524770776263
"21-05-2019_210_3_2.JPG",2019,210,"3",2,70.87,22.76,226.84,1.53,2.238,162.706,52.29,12.78,230.29,1.8,2.558,119.216,64.87,19.24,226.79,1.49,1.958,161.668,1,1053639,1053639,46.278,0.242176874622143,0.162688740706676,0.267291925313142,0.883868234067056,0.112845353426624,0.262170170735149,0.704893574696638,0.669047619047619,0.015198228320813,0.986971242446321,0.1706310380082,0.120787650728147,0.264497112552342,0.259375357974349,0.891014010193838,0.71203935082342
"21-05-2019_210_o1_1.JPG",2019,210,"o1",1,82.27,21.27,224.31,1.44,2.432,140.206,57.24,14.7,227.44,1.96,2.55,91.642,75.92,19.54,224.28,1.27,2.442,135.83,1,1088753,1088753,34.44,0.290389096516841,0.151648683524147,0.346376046674179,0.761641424567045,0.124384072446398,0.304242129573356,0.818281281082156,0.668248945147679,0.0138937741822019,0.974756782239746,0.15879230692573,0.131527695847981,0.342276779774769,0.300142862673945,0.756572740487253,0.813212597002364
"21-05-2019_210_o1_2.JPG",2019,210,"o1",2,77.16,23.09,225.33,1.57,2.336,140.824,53.69,14.22,228.54,1.97,2.77,92.06,70.76,20.83,225.2,1.48,2.158,136.204,1,1087726,1087726,44.237,0.320798620240759,0.150876329532715,0.346276202919957,0.764998587601312,0.12121857690669,0.304173146708139,0.767455739009349,0.673153692614772,0.0146145094950555,0.979471135301933,0.162924700401392,0.133266947775366,0.3428976713334,0.300794615121582,0.764644256583706,0.767101407991743
"21-05-2019_210_o2_1.JPG",2019,210,"o2",1,95.62,12.54,223.55,1.43,2.792,152.268,64.89,15.3,226.83,1.96,3.542,117.044,84.98,12.92,223.67,1.33,2.518,149.684,1,1065207,1065207,39.621,0.0803956414105427,0.154440154440154,0.23132897260094,0.82716585906434,0.108959757023538,0.321376281112738,0.951064253033618,0.660569105691058,0.0144601684080589,0.972142459177988,0.153903938385117,0.108423540968501,0.227796099927386,0.317843408439184,0.819482851922789,0.943381245892068
"21-05-2019_210_o2_2.JPG",2019,210,"o2",2,96.82,11.27,226.72,1.25,2.378,156.438,67.64,13.78,230.67,1.64,3.27,120.764,86.1,11.65,226.75,1.31,2.47,153.602,1,1063289,1063289,33.013,0.082081165139487,0.153417054437405,0.228039223206638,0.849818561091675,0.105437514279187,0.301384011567858,0.962999801074199,0.665400843881856,0.0171240299995664,0.98859983714053,0.157712576573166,0.109733036414947,0.227170212124591,0.300515000485811,0.858592931912667,0.971774171895191
"21-05-2019_213_1_1.JPG",2019,213,"1",1,94.69,12.91,226.54,1.42,1.988,161.266,68.6,10.59,230.22,1.75,2.304,114.834,86.88,11.97,226.54,1.4,1.808,149.042,1,1138358,1138358,42.382,0.0762554486374234,0.122788881231335,0.287921818610246,0.876045718259056,0.11677526510796,0.275530679057979,0.941814203302168,0.666666666666667,0.0159847102771263,0.986671238160545,0.128350226151906,0.122336610028531,0.28591348780576,0.273522348253492,0.882891490100062,0.948659975143174
"21-05-2019_213_1_2.JPG",2019,213,"1",2,94.93,13.4,226.42,1.16,2.01,157.03,66.92,10.24,230.55,1.66,2.352,108.254,86.53,12.06,226.15,1.14,1.87,144.894,1,1140143,1140143,41.807,0.0844034476377086,0.125198184899677,0.310615805896962,0.853034484257187,0.11668451743425,0.295059517539239,0.944201312910284,0.676893939393939,0.0190847972240296,0.988085544079201,0.140986802547521,0.132473135082093,0.311707562039379,0.296151273681656,0.861294562016849,0.952461390669947
"21-05-2019_213_o2_1.JPG",2019,213,"o2",1,77.26,21.81,225.1,1.5,6.934,140.9,51.8,11.2,228.94,1.9,4.316,77.12,67.31,17.54,225.08,1.27,6.22,122.674,1,1149865,1149865,43.123,0.19436716484109,0.119039406292464,0.452661462029808,0.76541144260229,0.101531814611155,0.329536629562516,0.768450368012731,0.667530224525043,0.0168603127456975,0.981185445506364,0.125464309071411,0.107956717390102,0.451528733693893,0.328403901226601,0.766771421789116,0.769810347199557
"21-05-2019_213_o2_2.JPG",2019,213,"o2",2,77.86,23,224.64,1.48,3.258,149.84,51.38,11.86,228.39,1.92,3.15,84.37,67.34,18.67,224.68,1.29,3.092,132.024,1,1146842,1146842,40.631,0.199668306532199,0.121312560460262,0.43693272824346,0.813976228243628,0.100453172205438,0.34009761109684,0.774418142033022,0.664888888888889,0.016419282805727,0.978828268975271,0.125096127603055,0.104236739348232,0.435358969967574,0.338523852820955,0.81297903089936,0.773420944688754
"21-05-2019_213_o3_1.JPG",2019,213,"o3",1,80.98,18.1,222.85,1.6,2.606,144.152,51.48,11.43,226.49,2.02,2.558,75.966,67.18,15.06,222.96,1.63,2.354,123.696,1,1118873,1118873,44.896,0.226978397011993,0.116666177807761,0.473014595704534,0.783077290802025,0.0887005649717515,0.364287478389726,0.805450566938532,0.661630036630036,0.0160713497284648,0.970685295504221,0.117190892691702,0.0892252798556918,0.471092904351386,0.362365787036578,0.773937119986708,0.796310396123214
"21-05-2019_213_o3_2.JPG",2019,213,"o3",2,82.2,17.55,226.68,1.35,5.102,147.284,52.68,10.24,230.4,1.65,3.716,78.056,68.3,14.1,226.65,1.4,4.712,127.262,1,1117321,1117321,32.9,0.238410447848022,0.118463627433986,0.470030689008989,0.800091262684427,0.0881887985546522,0.359124087591241,0.817585040779789,0.668000000000001,0.0162760416666666,0.987442677752539,0.125358305687892,0.0950834768085576,0.468313689594043,0.357407088176295,0.807708474117427,0.825202252212789
"21-05-2019_223_3_1.JPG",2019,223,"3",1,74.16,21.87,222.62,1.65,2.214,150.014,55.09,15.39,227.37,1.91,2.472,95.534,66.33,20.12,223.19,1.65,2.196,141.338,1,1045369,1045369,43.965,0.316071167214639,0.140124816446402,0.363166104496914,0.814921448903761,0.0982345743751092,0.257146709816613,0.737616868907897,0.646666666666667,0.0208910586269077,0.974456777953971,0.125686161366973,0.0837959192956805,0.366064122042209,0.260044727361907,0.809552760538193,0.732248180542329
"21-05-2019_223_3_2.JPG",2019,223,"3",2,77.18,21.22,224.75,1.71,2.182,150.654,55.22,14.41,229.11,2.04,2.462,95.664,68.77,19.42,224.99,1.58,2.138,142.606,1,1052574,1052574,49.256,0.269971517442004,0.142274352912651,0.365008562666773,0.818398122596206,0.102838494231937,0.284529670899197,0.767654664810026,0.657492354740061,0.0190301601850639,0.981914027343248,0.138661385906617,0.0992255272259026,0.366045681770224,0.285566790002648,0.820486683619915,0.769743225833735
"21-05-2019_238_1_1.JPG",2019,238,"1",1,69.21,23.31,225.16,1.64,2.63,156.99,53.69,16.49,229.33,1.93,3.102,101.408,64.2,20.76,225.34,1.6,2.648,150.77,1,1106802,1106802,53.51,0.211060334188048,0.14801554460077,0.354048028536849,0.852817192151409,0.112865120274914,0.224245051293166,0.688382733240501,0.65947242206235,0.0181834038285441,0.982856897955685,0.146382644917024,0.111232220591168,0.354238391283781,0.224435414040097,0.855848623787555,0.691414164876647
"21-05-2019_238_1_2.JPG",2019,238,"1",2,62.41,22.78,224.26,1.68,3.492,149.12,48.25,13.88,228.47,2.13,3.6,93.77,57.81,19.56,224.39,1.56,3.476,142.066,1,1108754,1108754,54.511,0.28994078037148,0.145426076482987,0.371177575107296,0.810064970339628,0.112523540489642,0.226886716872296,0.620747961010543,0.661520190023753,0.0184269269488335,0.979171131016157,0.145840944760644,0.112938408767299,0.371611460974517,0.227320602739517,0.809410635036246,0.620093625707161
"22-05-2019_220_3_1.JPG",2019,220,"3",1,86.06,17.56,222.96,1.62,3.66,155.53,51.92,10.63,226.66,2.06,4.034,90.806,71.32,14.63,223.01,1.65,4.03,141.164,1,1055935,1055935,38.591,0.186302187161142,0.129673691366417,0.416151224844082,0.84488603029052,0.0947080648310876,0.3966999767604,0.855977720310324,0.664414414414415,0.016324009529692,0.971413877341105,0.132982784034737,0.0980171574994074,0.414482193292161,0.395030945208479,0.836474441312085,0.84756613133189
"22-05-2019_220_3_2.JPG",2019,220,"3",2,87.52,16.52,223.81,1.6,2.812,154.67,50.48,10.94,227.53,2.09,2.954,87.014,71.68,14.14,223.84,1.51,3.054,138.926,1,1058841,1058841,43.102,0.184756729291744,0.127882227740333,0.437421607292946,0.840214250016297,0.0953923686105112,0.423217550274223,0.870499303759698,0.665322580645162,0.0163494923746319,0.975142502035743,0.1320994866394,0.0996096275095773,0.435778058585965,0.421574001567242,0.835531285732501,0.865816339475902
"22-05-2019_245_1_1.JPG",2019,245,"1",1,90.79,14.77,223.73,1.65,2.732,126.974,56.33,8.86,227.99,2.09,2.682,67.708,77.6,12.27,223.97,1.62,2.372,108.294,1,1074716,1074716,45.048,0.374063473513003,0.114135142127583,0.466756973868666,0.68976119597575,0.102872896111434,0.379557219958145,0.90302367217028,0.657276995305163,0.0186850300451776,0.97711395877084,0.110306815686651,0.0990445696705015,0.467448962832231,0.38024920892171,0.687049688427051,0.900312164621581
"22-05-2019_245_1_2.JPG",2019,245,"1",2,91.1,14.62,225.05,1.64,2.474,127.172,57.2,7.98,229.34,2,2.218,66.338,78.25,11.43,225.17,1.49,2.122,107.174,1,1073905,1073905,46.152,0.354217551831866,0.111878225992044,0.478360016355802,0.69083679189935,0.103490658800393,0.37211855104281,0.906107022080764,0.662004662004663,0.018705851574082,0.982899755710796,0.112777566250611,0.104389999058961,0.479072826848271,0.372831361535279,0.693911081290607,0.909181311472021
"22-05-2019_528_3_1.JPG",2019,528,"3",1,68.46,23.35,223.81,1.56,3.47,146.784,48.86,12.61,227.73,2,2.834,86.57,61.24,19.59,223.9,1.47,3.302,134.286,1,1057594,1057594,37.548,0.296636516470404,0.132073382712769,0.410221822541966,0.797375111362204,0.105272108843538,0.286298568507157,0.680923015715138,0.662840136054421,0.017213366706187,0.975999657137959,0.133808197021095,0.107006923151864,0.409442148166541,0.285518894131732,0.793549302180624,0.677097206533558
"22-05-2019_528_3_2.JPG",2019,528,"3",2,72.89,22.56,224.04,1.45,2.13,149.476,52.13,13.03,228.04,1.83,2.354,89.974,65.03,19.16,224.15,1.31,2.178,137.148,1,1056820,1056820,33.534,0.252367479797884,0.132135614489149,0.398070593272499,0.81199887008105,0.103564547206166,0.284812731513239,0.724985080564949,0.662083333333334,0.0175407823188914,0.977328247546393,0.133113626076387,0.104542558793404,0.397618334509777,0.284360472750518,0.809501651307905,0.722487861791804
"23-05-2019_219_3_1.JPG",2019,219,"3",1,81.23,18.77,224.02,1.41,2.464,178.188,55.13,13.86,227.76,1.84,2.772,137.59,70.58,16.11,224.13,1.27,2.482,175.282,1,974415,974415,34.611,0.10066963254876,0.154736686536283,0.227838013783195,0.967971143608353,0.0986590038314176,0.321309860888834,0.807937139446986,0.661764705882353,0.0164207938180539,0.976128230403291,0.15539607067254,0.0993183879676753,0.226265766519636,0.319737613625275,0.964273907692105,0.804239903530739
"23-05-2019_219_3_2.JPG",2019,219,"3",2,79.27,19.81,224.97,1.51,2.162,179.252,55.23,14.49,228.96,1.92,2.744,138.744,69.19,16.98,225.02,1.34,2.056,176.474,1,972851,972851,34.733,0.11028513102212,0.155236825647609,0.225983531564501,0.973751113622042,0.0967831392124238,0.303267314242463,0.788442410980704,0.664578111946533,0.0174266247379456,0.981271161016586,0.158709615848046,0.100255929412861,0.225417115220834,0.302700897898795,0.975196808319089,0.789888105677751
"23-05-2019_219_o1_1.JPG",2019,219,"o1",1,83.62,18.16,224.56,1.57,2.45,167.924,52.77,13.44,228.13,2.04,2.8,105.912,70.17,15.8,224.48,1.37,2.244,155.23,1,1100942,1100942,34.791,0.167413905546341,0.132549614053194,0.369286105619209,0.91221398926577,0.0940032414910859,0.368930877780435,0.83170877262781,0.670319634703196,0.0159996493227546,0.977713967342391,0.141763927010295,0.103217554448187,0.367292713860351,0.366937486021577,0.910102490288622,0.829597273650661
"23-05-2019_219_o1_2.JPG",2019,219,"o1",2,84.83,17.36,225.62,1.42,2.244,173.768,53.7,13.3,229.21,1.83,2.862,114.016,71.32,15.27,225.47,1.32,2,162.404,1,1098023,1098023,39.304,0.130170315193762,0.134968982907127,0.343860779890429,0.943960365919906,0.0943355819680908,0.366969232582813,0.843743783568729,0.673351158645276,0.016316914619781,0.982342604894356,0.147214819806308,0.106581418867271,0.342184653428597,0.365293106120981,0.946477504494723,0.846260922143546
"23-05-2019_219_o2_1.JPG",2019,219,"o2",1,71.46,21.16,224.36,1.45,2.362,182.656,53.98,14.87,228.08,1.88,2.978,151.356,63.96,17.42,224.38,1.29,2.158,179.05,1,1029155,1029155,37.689,0.0759506585499755,0.147465388711395,0.17136037140855,0.992242671823733,0.0951563691838292,0.244612370556955,0.71076188581659,0.665770609318998,0.0163100666432829,0.977499678566837,0.152130676284298,0.0998216567567319,0.16967739697022,0.242929396118625,0.98991688407103,0.708436098063888
"23-05-2019_219_o2_2.JPG",2019,219,"o2",2,71.45,21.01,224.54,1.37,1.826,184.084,55.84,16.44,228.47,1.76,2.23,154.194,64.32,18.35,224.56,1.24,1.68,180.84,1,1030446,1030446,35.907,0.0603243644014339,0.148578119772499,0.162371526042459,1,0.0905402519752294,0.218474457662701,0.710662422916252,0.665818490245971,0.0172013831137568,0.979171131016157,0.153291288272374,0.0952534204751046,0.161579868074603,0.217682799694845,0.999345664696618,0.710008087612871
"23-05-2019_238_2_1.JPG",2019,238,"2",1,72.73,22.34,224.62,1.62,1.97,148.948,54.47,14.02,228.71,2,1.854,90.216,67.32,19.6,224.73,1.4,1.764,141.688,1,1076922,1076922,36.741,0.310878596592882,0.146064609866285,0.39431210892392,0.809130614284783,0.117287331142753,0.251065585040561,0.723393674159538,0.662184189079055,0.0178829084867299,0.980199717138816,0.147143477199245,0.118366198475712,0.394201976329037,0.250955452445678,0.80950486510406,0.723767924978816
"23-05-2019_238_2_2.JPG",2019,238,"2",2,69.59,21.89,226.73,1.29,2.198,151.09,52.85,13.88,230.82,1.62,2.696,90.96,64.17,19.03,226.79,1.37,2.176,142.172,1,1074397,1074397,33.51,0.339662154678392,0.141948001552192,0.397974717056059,0.820766606549184,0.112704101951414,0.240551803420032,0.692162323453352,0.664221678891606,0.0177194350576207,0.989242703467192,0.145064358697703,0.115820459096924,0.397701111032067,0.24027819739604,0.830183843696838,0.701579560601005
"23-05-2019_560_1_1.JPG",2019,560,"1",1,77.86,22.7,224.88,1.46,2.15,140.226,62.17,14.88,229.73,1.77,2.424,98.17,73.69,20.29,225.1,1.24,1.946,132.94,1,1063468,1063468,33.683,0.29159222468377,0.137792467186608,0.299915850127651,0.761750070619934,0.122370936902486,0.201515540714102,0.774418142033022,0.659106529209622,0.0211117398685413,0.984571208160116,0.135793674650134,0.120372144366012,0.30303454891458,0.204634239501031,0.766495812460512,0.779163883873599
"23-05-2019_560_1_2.JPG",2019,560,"1",2,79.23,23.97,224.14,1.52,2.978,139.696,64.23,16.59,228.88,1.93,3.288,98.474,75.41,21.82,224.44,1.43,2.936,134.034,1,1060581,1060581,42.506,0.207830425021757,0.143774359969595,0.295083610124843,0.758870950218379,0.124222222222222,0.189322226429383,0.788044559379351,0.656118143459915,0.0207095421181405,0.9809282989757,0.138787181683415,0.119235043936042,0.29780011116137,0.19203872746591,0.759973782874539,0.789147392035512
"24-05-2019_238_3_1.JPG",2019,238,"3",1,65.08,21.6,223.31,1.42,1.842,153.006,47.93,12.13,227.53,1.93,2.048,91.812,57.43,17.82,223.57,1.48,1.756,142.008,1,1142034,1142034,39.427,0.246590731974705,0.136712749615975,0.399945100192149,0.83117489841594,0.0923226433430516,0.263521819299324,0.647304555400835,0.656398104265404,0.0185470047905771,0.975142502035743,0.132005532135284,0.0876154258623596,0.400499063901114,0.264075783008288,0.826491934132145,0.64262159111704
"24-05-2019_238_3_2.JPG",2019,238,"3",2,61.8,22.26,223.16,1.56,4.072,154.572,44.81,11.24,227.49,2.02,3.53,89.954,54.74,17.83,223.45,1.65,3.976,143.222,1,1142683,1142683,46.507,0.241499173436552,0.137392057940512,0.41804466526926,0.839681884357141,0.0974102413184226,0.274919093851133,0.614680724089914,0.655504234026174,0.0190338036836785,0.9749710710153,0.13179097022059,0.0918091535985011,0.419085427871325,0.275959856453198,0.834827489052903,0.609826328785676
"24-05-2019_245_2_1.JPG",2019,245,"2",1,75.76,20.56,223.96,1.62,2.106,139.784,48.45,12.16,228.1,2.09,2.024,74.308,64.78,17.19,224.15,1.49,1.972,122.224,1,1061114,1061114,37.048,0.256072391844797,0.121968354817032,0.468408401533795,0.75934899285109,0.0996582448431588,0.360480464625132,0.753530932962005,0.65901771336554,0.0181499342393686,0.977585394077058,0.119880746436477,0.0975706364626031,0.468565294691551,0.360637357782888,0.757108920608609,0.751290860719524
"24-05-2019_245_2_2.JPG",2019,245,"2",2,78.68,18.95,224.29,1.61,2.364,136.852,51.26,10.44,228.44,2.03,2.36,76.536,67.98,15.71,224.44,1.43,2.144,119.728,1,1064697,1064697,35.6,0.280794441986781,0.119349205296549,0.44073890041797,0.743421481497577,0.101628981278872,0.348500254194204,0.782574099860752,0.660642570281124,0.0181666958501139,0.979042557750825,0.118886453831578,0.1011662298139,0.440912555186471,0.348673908962705,0.742638572928863,0.781791191292038
"24-05-2019_363_1_1.JPG",2019,363,"1",1,83.97,15.37,228.56,1.21,4.416,160.098,67.3,13.35,233.33,1.72,4.514,117.296,78.97,14,229.11,1.22,4.488,158.444,1,1168690,1168690,36.325,0.154377123103646,0.160226157656184,0.267348748891304,0.869700788770344,0.116676664667067,0.198523282124568,0.835189974139646,0.647449336128581,0.0204431491878456,1,0.14657017203867,0.103020679049552,0.269798856997537,0.200973390230801,0.889875322450805,0.855364507820107
"24-05-2019_363_1_2.JPG",2019,363,"1",2,80.61,16.84,225.93,1.38,2.704,163.066,63.42,14.2,230.4,1.76,3.6,120.542,75.49,15.56,226.05,1.36,2.668,162.672,1,1173817,1173817,43.13,0.160807008247453,0.16512244066096,0.260777844553739,0.885823863019056,0.117025402365716,0.213248976553777,0.801770439626019,0.662192393736018,0.0194010416666666,0.987442677752539,0.166209512650883,0.118112474355639,0.262185845138793,0.214656977138831,0.893441074452057,0.80938765105902
"25-05-2019_363_2_1.JPG",2019,363,"2",1,84.8,17.86,225.04,1.37,1.74,149.97,55.68,15.92,229.6,1.73,2.23,97.448,75.37,18.07,225.16,1.15,1.842,143.756,1,1226988,1226988,33.457,0.205530942437905,0.146947945622787,0.350216710008668,0.814682427587406,0.112694597069597,0.343396226415094,0.843445394867714,0.662280701754386,0.0198606271777004,0.984014057343676,0.148123325631077,0.113869977077888,0.352084296104756,0.345263812511182,0.818871018611543,0.847633985891852
"25-05-2019_363_2_2.JPG",2019,363,"2",2,85.22,16.9,224.7,1.6,4.92,150.442,54.45,14.37,228.89,2.01,4.232,96.16,74.48,16.67,224.74,1.43,5.13,142.804,1,1224141,1224141,45.167,0.204931458059161,0.143215062083195,0.360816793182755,0.817246474435584,0.108493121005308,0.361065477587421,0.847622836681918,0.665075576770087,0.0183057363799205,0.98097115673081,0.147185317107186,0.112463376029299,0.361129488481062,0.361378172885728,0.818392164846855,0.848768527093189
"26-05-2019_245_3_1.JPG",2019,245,"3",1,81.58,18.1,223.73,1.54,3.164,125.23,54.54,10.76,227.93,2,2.632,64.682,69.8,15.05,223.91,1.5,2.632,104.618,1,1036905,1036905,36.913,0.345995052584374,0.109929312281165,0.48349437035854,0.680287260163838,0.0940581854043392,0.331453787693062,0.811418340958822,0.659523809523809,0.0184267099548108,0.976856812240175,0.108347800058879,0.0924766731820528,0.483928039231738,0.33188745656626,0.677318606084474,0.808449686879458
"26-05-2019_245_3_2.JPG",2019,245,"3",2,79.81,18.7,223.42,1.46,2.772,131.858,52.64,11.12,227.55,1.92,2.496,67.312,67.41,15.64,223.62,1.45,2.394,109.426,1,1035789,1035789,33.326,0.329593189346479,0.108744151457875,0.489511444129291,0.716292562091219,0.0906023800760643,0.340433529632878,0.793813407598966,0.658595641646489,0.0181498571742474,0.975228217545965,0.106234471358269,0.088092699976458,0.489668260221925,0.340590345725513,0.711695313317645,0.789216158825392
"26-05-2019_255_2_1.JPG",2019,255,"2",1,81.92,17.94,224.57,1.39,2.01,149.528,55.33,12.61,228.6,1.84,2.234,90.198,70.19,16.21,224.59,1.27,2.06,133.924,1,1045534,1045534,34.029,0.22909728425857,0.122832743412551,0.396781873629019,0.812281349818561,0.0931427855083365,0.3245849609375,0.81480007957032,0.665839536807278,0.0176290463692038,0.979728281832598,0.127566958473734,0.0978770005695192,0.39641787891661,0.324220966225091,0.81218416533162,0.814702895083379
"26-05-2019_255_2_2.JPG",2019,255,"2",2,83.74,17.11,224.46,1.48,2.178,147.338,56.87,12.49,228.4,1.94,2.338,85.582,71.78,15.52,224.52,1.31,1.998,130.222,1,1050788,1050788,32.248,0.196724743716144,0.12047412397176,0.419145094951744,0.800384607027227,0.0924823222925196,0.320874134224982,0.832902327431868,0.664128595600676,0.0172504378283712,0.978871126730382,0.123497397826341,0.0955055961471004,0.418402491698502,0.32013153097174,0.79943026743807,0.831947987842711
"28-05-2019_560_2_1.JPG",2019,560,"2",1,76.48,24.72,225.7,1.42,2.36,138.174,56.83,15.18,230.51,1.65,2.972,96.858,71.56,22.43,225.7,1.12,2.3,133.662,1,1132634,1132634,36.034,0.328885588813332,0.148465485526188,0.299014286334622,0.750602985593533,0.124936386768448,0.256929916317992,0.760692261786354,0.666666666666667,0.0208667736757624,0.987914113058758,0.154026830446759,0.130497731689019,0.301888018928771,0.259803648912141,0.758691632332752,0.768780908525573
"28-05-2019_560_2_2.JPG",2019,560,"2",2,76.17,24.64,224.88,1.67,2.276,125.412,57.37,14.82,229.47,1.97,2.222,87.82,71.4,22.23,225.09,1.49,2.052,120.584,1,1126357,1126357,40.396,0.309639838878792,0.145261403135419,0.2997480304915,0.681275939245127,0.124379432624113,0.246816331889195,0.75760891187587,0.659041394335512,0.0200026147208786,0.983456906527236,0.143197475724835,0.12231550521353,0.301757604130766,0.248825905528461,0.684907379452824,0.761240352083567
"29-05-2019_386_1_1.JPG",2019,386,"1",1,75.84,21.45,226.22,1.19,2.222,144.726,56.91,13.78,230.71,1.51,2.406,91.77,69.47,18.85,226.4,1.25,1.968,136.524,1,1034757,1034757,29.442,0.185669678968106,0.140852783442858,0.365905227809792,0.786195432519937,0.11058284909315,0.249604430379747,0.754326636164711,0.659985152190052,0.0194616618265356,0.988771268160974,0.139732613886814,0.109462679537106,0.367373848554715,0.25107305112467,0.795141234361371,0.763272438006145
"29-05-2019_451_1_1.JPG",2019,451,"1",1,78.38,19.9,226.4,1.31,2.154,160.702,60.24,14.03,230.84,1.64,2.714,104.024,72.09,17.51,226.57,1.4,2.04,150.77,1,1066880,1066880,31.816,0.222523620275945,0.137460743145489,0.35269007230775,0.872981899567589,0.108875413450937,0.231436590967083,0.779590212850607,0.660285285285285,0.0192341015421938,0.989328418977414,0.136640706684678,0.108055376990127,0.353931132768331,0.232677651427664,0.882484852225464,0.789093165508482
"29-05-2019_451_1_2.JPG",2019,451,"1",2,79.14,20.21,223.86,1.44,3.532,159.004,58.6,13.93,228.03,1.87,3.16,97.408,72.1,17.93,224.12,1.34,3.542,148.098,1,1074861,1074861,33.887,0.199741175835759,0.137157174708314,0.387386480843249,0.863757849677321,0.109542356377799,0.259540055597675,0.787149393276308,0.656274980015988,0.0182870674911195,0.977285389791283,0.132326832978207,0.104712014647692,0.387680507252756,0.259834082007182,0.861217773149065,0.784609316748052
"29-05-2019_451_2_1.JPG",2019,451,"2",1,71.43,20.75,224.63,1.58,2.11,159.396,52.86,13.49,228.95,1.96,2.478,97.682,64.4,18.11,224.79,1.45,1.934,147.228,1,1061196,1061196,35.56,0.294402730504073,0.133805403420078,0.387174082160155,0.865887312313944,0.103572069646383,0.25997480050399,0.710463497115576,0.660493827160494,0.0188687486350731,0.981228303261475,0.133193908834476,0.102960575060781,0.388049789713615,0.26085050805745,0.86729014925588,0.711866334057512
"29-05-2019_451_2_2.JPG",2019,451,"2",2,73.08,20.93,224.86,1.41,2.246,157.374,55.08,14.38,229.18,1.79,2.634,96.372,66.79,18.5,225,1.28,2.264,145.704,1,1059971,1059971,33.494,0.281712424207832,0.134782466148651,0.387624385222464,0.854903196366876,0.108425925925926,0.246305418719212,0.726874875671375,0.661265432098766,0.0188498123745527,0.982214031629023,0.134942576501321,0.108586036278596,0.388481156515404,0.247162190012152,0.85729176167636,0.729263440980859
"29-05-2019_451_3_1.JPG",2019,451,"3",1,80.48,21,225.28,1.45,2.272,158.012,58.89,15,229.54,1.76,2.612,104.474,72.04,19.37,225.47,1.25,2.022,147.726,1,1062592,1062592,38.982,0.23520504577486,0.134645796754953,0.338822367921424,0.858369005454032,0.101513046163347,0.268265407554672,0.800477421921623,0.659233176838811,0.0185588568441229,0.983756910813012,0.132773651847668,0.0996409012560627,0.339388183683934,0.268831223317182,0.862300449947504,0.804408866415096
"29-05-2019_451_3_2.JPG",2019,451,"3",2,79.26,20.97,225.5,1.41,2.22,159.31,57.47,15.37,229.9,1.78,2.556,109.692,70.29,19.32,225.73,1.23,1.964,149.768,1,1060974,1060974,34.656,0.182296644404104,0.134615126231072,0.311455652501412,0.865420134286521,0.098057212788741,0.274917991420641,0.788342948080366,0.657954545454546,0.0191387559808613,0.985299789997,0.131464349939522,0.0949064364971913,0.312601367400661,0.276063706319889,0.870894457963982,0.793817271757827
"30-05-2019_257_o1_1.JPG",2019,257,"o1",1,82.17,19.68,225.05,1.34,2.346,166.76,61.85,14.58,229.36,1.76,3.014,119.684,73.67,17.02,225.26,1.17,1.934,159.396,1,1038044,1038044,28.981,0.123501508606572,0.140595349364149,0.282297913168626,0.905890788987636,0.0969488188976377,0.247292199099428,0.817286652078775,0.658546017014695,0.0187914196023718,0.982985471221017,0.138036044632749,0.0943895141662376,0.283096291689384,0.248090577620187,0.909050793889114,0.820446656980253
"30-05-2019_257_o1_2.JPG",2019,257,"o1",2,85.97,16.62,226.19,1.55,2.152,168.524,63.38,14.66,230.43,1.81,2.63,124.208,76.53,15.39,226.4,1.54,1.952,162.354,1,1038551,1038551,35.004,0.138664350619276,0.143462105484851,0.262965512330588,0.915473370852437,0.0970193300870592,0.262766081191113,0.855082554207281,0.658411949685535,0.0184003818947187,0.987571251017872,0.14076873342429,0.0943259580264982,0.263372853143694,0.263173422004219,0.92321915555077,0.862828338905613
"30-05-2019_257_o2_1.JPG",2019,257,"o2",1,88.34,16.24,226.26,1.39,2.314,147.712,57.36,12.24,230.64,1.67,2.636,85.896,75.39,14.36,226.47,1.39,1.974,129.886,1,997037,997037,31.984,0.208039420803842,0.118604676243475,0.418490034662045,0.802416288216249,0.0969980632666236,0.350690513923478,0.878655261587428,0.658675799086758,0.0189906347554631,0.988471263875198,0.116175153584138,0.094568540607286,0.419487628335895,0.351688107597328,0.811062085771908,0.887301059143087
"30-05-2019_257_o2_2.JPG",2019,257,"o2",2,87.3,16.26,225.33,1.68,2.374,143.614,54.9,11.95,229.79,1.94,2.486,81.394,73.29,14.14,225.67,1.6,2.014,124.964,1,992902,992902,42.296,0.239705429136007,0.116709525340191,0.433244669739719,0.780154711979314,0.0945987654320988,0.371134020618557,0.868311119952258,0.653961136023917,0.0194090256320988,0.984828354690781,0.109565339618012,0.0874545797099202,0.434660654290205,0.372550005169043,0.785157600350556,0.8733140083235
"30-05-2019_386_2_1.JPG",2019,386,"2",1,75.11,23.42,223.75,1.52,2.202,149.334,56.11,15.45,227.84,1.95,2.724,98.81,69.71,21.26,223.95,1.42,2.034,144.182,1,1009379,1009379,33.429,0.220163090375369,0.149671443274483,0.33832884674622,0.811227483105539,0.119298245614035,0.252962321927839,0.747065844440024,0.658516707416463,0.0179511938202247,0.976471092444178,0.147082828944851,0.116709631284403,0.338286999484832,0.252920474666451,0.807873109230178,0.743711470564663
"30-05-2019_389_1_1.JPG",2019,389,"1",1,75.1,20.49,223.44,1.57,2.234,138.816,50.69,10.25,227.8,2.03,2.276,71.61,64.18,15.56,223.77,1.56,2.144,117.322,1,971371,971371,44.263,0.330758278762697,0.113362894186035,0.484137275242047,0.754090523891267,0.0921070599481088,0.325033288948069,0.746966381539686,0.654051987767583,0.0191395961369623,0.976299661423735,0.106309560207523,0.0850537259695964,0.485283830297397,0.326179844003419,0.750564718995463,0.743440576643881
"30-05-2019_389_1_2.JPG",2019,389,"1",2,78.62,19.98,224.01,1.48,2.636,142.4,54.23,11.27,228.16,1.95,2.346,72.808,68.39,15.76,224.29,1.37,2.484,120.678,1,968668,968668,40.791,0.311836459963579,0.114644403571292,0.488707865168539,0.773559896568958,0.0967609676096761,0.310226405494785,0.781977322458723,0.655421686746988,0.0181889901823283,0.977842540607723,0.108960768572184,0.0910773326105687,0.488903814269255,0.3104223545955,0.771576970857142,0.779994396746907
